Id;Unidade;Turma;Semestre
1;CIÊNCIA DA COMPUTAÇÃO;CCOMP2N06A;6
2;CIÊNCIA DA COMPUTAÇÃO;CCOMPAM02A;2
3;CIÊNCIA DA COMPUTAÇÃO;CCOMP2N08A;8
4;CIÊNCIA DA COMPUTAÇÃO;CCOMPAM03A;3
5;CIÊNCIA DA COMPUTAÇÃO;CCOMP2N06A;6
6;CIÊNCIA DA COMPUTAÇÃO;CCOMVON02A;2
7;CIÊNCIA DA COMPUTAÇÃO;CCOMVON04A;4
8;CIÊNCIA DA COMPUTAÇÃO;CCOMP2N08A;8
9;CIÊNCIA DA COMPUTAÇÃO;CCOMP2N04A;4
10;CIÊNCIA DA COMPUTAÇÃO;CCOMP2N07A;7
11;CIÊNCIA DA COMPUTAÇÃO;CCOMP2N04A;4
12;CIÊNCIA DA COMPUTAÇÃO;CCOMP2N08A;8
13;CIÊNCIA DA COMPUTAÇÃO;CCOMVON06A;6
14;CIÊNCIA DA COMPUTAÇÃO;CCOMPAM06A;6
15;CIÊNCIA DA COMPUTAÇÃO;CCOMVON04A;4
16;CIÊNCIA DA COMPUTAÇÃO;ASSIGNAR;8
17;CIÊNCIA DA COMPUTAÇÃO;CCOMP2N07A;7
18;CIÊNCIA DA COMPUTAÇÃO;CCOMPAM02A;2
19;CIÊNCIA DA COMPUTAÇÃO;CCOMP2N07A;7
20;CIÊNCIA DA COMPUTAÇÃO;CCOMPAM03A;3
21;CIÊNCIA DA COMPUTAÇÃO;CCOMVON01A;1
22;CIÊNCIA DA COMPUTAÇÃO;CCOMP2N04A;4
23;CIÊNCIA DA COMPUTAÇÃO;CCOMPAM04A;4
24;CIÊNCIA DA COMPUTAÇÃO;CCOMVON08A;8
25;CIÊNCIA DA COMPUTAÇÃO;CCOMP2N06A;6
26;CIÊNCIA DA COMPUTAÇÃO;CCOMPAM03A;3
27;CIÊNCIA DA COMPUTAÇÃO;CCOMPAM02A;2
28;CIÊNCIA DA COMPUTAÇÃO;CCOMPAM02A;2
29;CIÊNCIA DA COMPUTAÇÃO;CCOMVON04A;4
30;CIÊNCIA DA COMPUTAÇÃO;CCOMVON04A;3
31;CIÊNCIA DA COMPUTAÇÃO;CCOMP2N02A;2
32;CIÊNCIA DA COMPUTAÇÃO;CCOMP2N06A;6
33;CIÊNCIA DA COMPUTAÇÃO;CCOMP2N01A;1
34;CIÊNCIA DA COMPUTAÇÃO;CCOMP2N02A;2
35;CIÊNCIA DA COMPUTAÇÃO;CCOMVON04A;4
36;CIÊNCIA DA COMPUTAÇÃO;CCOMVON06A;6
37;CIÊNCIA DA COMPUTAÇÃO;CCOMP2N01A;1
38;CIÊNCIA DA COMPUTAÇÃO;CCOMP2N04A;4
39;CIÊNCIA DA COMPUTAÇÃO;CCOMP2N04A;4
40;CIÊNCIA DA COMPUTAÇÃO;CCOMVON04A;4
41;CIÊNCIA DA COMPUTAÇÃO;CCOMVON02A;2
42;CIÊNCIA DA COMPUTAÇÃO;CCOMVON01A;1
43;CIÊNCIA DA COMPUTAÇÃO;CCOMPAM02A;2
44;CIÊNCIA DA COMPUTAÇÃO;CCOMP2N08A;8
45;CIÊNCIA DA COMPUTAÇÃO;CCOMP2N06A;6
46;CIÊNCIA DA COMPUTAÇÃO;CCOMP2N04A;4
47;CIÊNCIA DA COMPUTAÇÃO;CCOMVON06A;6
48;CIÊNCIA DA COMPUTAÇÃO;CCOMPAM06A;6
49;CIÊNCIA DA COMPUTAÇÃO;CCOMP2N04A;4
50;CIÊNCIA DA COMPUTAÇÃO;CCOMP2N04A;4
51;CIÊNCIA DA COMPUTAÇÃO;CCOMVON01A;1
52;CIÊNCIA DA COMPUTAÇÃO;CCOMP2N02A;2
53;CIÊNCIA DA COMPUTAÇÃO;CCOMVON02A;2
54;CIÊNCIA DA COMPUTAÇÃO;CCOMP2N01A;1
55;CIÊNCIA DA COMPUTAÇÃO;CCOMVON01A;1
56;CIÊNCIA DA COMPUTAÇÃO;CCOMP2N04A;4
57;CIÊNCIA DA COMPUTAÇÃO;CCOMP2N01A;1
58;CIÊNCIA DA COMPUTAÇÃO;CCOMP2N04A;4
59;CIÊNCIA DA COMPUTAÇÃO;CCOMPAM03A;3
60;CIÊNCIA DA COMPUTAÇÃO;CCOMP2N04A;4
61;CIÊNCIA DA COMPUTAÇÃO;CCOMP2N04A;4
62;CIÊNCIA DA COMPUTAÇÃO;CCOMP2N02A;2
63;CIÊNCIA DA COMPUTAÇÃO;CCOMVON08A;8
64;CIÊNCIA DA COMPUTAÇÃO;ASSIGNAR;8
65;CIÊNCIA DA COMPUTAÇÃO;CCOMP2N02A;2
66;CIÊNCIA DA COMPUTAÇÃO;CCOMPAM03A;3
67;CIÊNCIA DA COMPUTAÇÃO;CCOMVON02A;2
68;CIÊNCIA DA COMPUTAÇÃO;CCOMVON08A;8
69;CIÊNCIA DA COMPUTAÇÃO;CCOMVON08A;8
70;CIÊNCIA DA COMPUTAÇÃO;CCOMPAM01A;1
71;CIÊNCIA DA COMPUTAÇÃO;CCOMPAM01A;1
72;CIÊNCIA DA COMPUTAÇÃO;CCOMP2N01A;1
73;CIÊNCIA DA COMPUTAÇÃO;CCOMPAM04A;4
74;CIÊNCIA DA COMPUTAÇÃO;CCOMPAM03A;3
75;CIÊNCIA DA COMPUTAÇÃO;CCOMPAM01A;1
76;CIÊNCIA DA COMPUTAÇÃO;CCOMP2N04A;4
77;CIÊNCIA DA COMPUTAÇÃO;CCOMP2N04A;4
78;CIÊNCIA DA COMPUTAÇÃO;CCOMP2N02A;2
79;CIÊNCIA DA COMPUTAÇÃO;CCOMVON04A;4
80;CIÊNCIA DA COMPUTAÇÃO;CCOMPAM06A;6
81;CIÊNCIA DA COMPUTAÇÃO;CCOMP2N02A;2
82;CIÊNCIA DA COMPUTAÇÃO;CCOMVON06A;6
83;CIÊNCIA DA COMPUTAÇÃO;CCOMVON04A;4
84;CIÊNCIA DA COMPUTAÇÃO;CCOMPAM02A;2
85;CIÊNCIA DA COMPUTAÇÃO;CCOMP2N04A;4
86;CIÊNCIA DA COMPUTAÇÃO;CCOMP2N06A;6
87;CIÊNCIA DA COMPUTAÇÃO;CCOMVON06A;6
88;CIÊNCIA DA COMPUTAÇÃO;CCOMP2N04A;4
89;CIÊNCIA DA COMPUTAÇÃO;CCOMPAM02A;2
90;CIÊNCIA DA COMPUTAÇÃO;CCOMP2N04A;4
91;CIÊNCIA DA COMPUTAÇÃO;CCOMP2N07A;7
92;CIÊNCIA DA COMPUTAÇÃO;CCOMP2N04A;4
93;CIÊNCIA DA COMPUTAÇÃO;CCOMVON06A;6
94;CIÊNCIA DA COMPUTAÇÃO;CCOMPAM02A;2
95;CIÊNCIA DA COMPUTAÇÃO;ASSIGNAR;8
96;CIÊNCIA DA COMPUTAÇÃO;CCOMPAM02A;2
97;CIÊNCIA DA COMPUTAÇÃO;CCOMP2N08A;8
98;CIÊNCIA DA COMPUTAÇÃO;ASSIGNAR;6
99;CIÊNCIA DA COMPUTAÇÃO;CCOMPAM01A;1
100;CIÊNCIA DA COMPUTAÇÃO;CCOMVON08A;8
101;CIÊNCIA DA COMPUTAÇÃO;CCOMVON06A;6
102;CIÊNCIA DA COMPUTAÇÃO;ASSIGNAR;8
103;CIÊNCIA DA COMPUTAÇÃO;CCOMPAM03A;3
104;CIÊNCIA DA COMPUTAÇÃO;CCOMP2N06A;6
105;CIÊNCIA DA COMPUTAÇÃO;CCOMP2N02A;2
106;CIÊNCIA DA COMPUTAÇÃO;CCOMPAM01A;1
107;CIÊNCIA DA COMPUTAÇÃO;CCOMP2N04A;4
108;CIÊNCIA DA COMPUTAÇÃO;CCOMVON02A;2
109;CIÊNCIA DA COMPUTAÇÃO;CCOMP2N02A;2
110;CIÊNCIA DA COMPUTAÇÃO;CCOMP2N06A;6
111;CIÊNCIA DA COMPUTAÇÃO;CCOMPAM04A;4
112;CIÊNCIA DA COMPUTAÇÃO;CCOMPAM02A;2
113;CIÊNCIA DA COMPUTAÇÃO;CCOMP2N04A;4
114;CIÊNCIA DA COMPUTAÇÃO;CCOMVON01A;1
115;CIÊNCIA DA COMPUTAÇÃO;CCOMVON01A;1
116;CIÊNCIA DA COMPUTAÇÃO;CCOMP2N06A;6
117;CIÊNCIA DA COMPUTAÇÃO;CCOMPAM02A;2
118;CIÊNCIA DA COMPUTAÇÃO;CCOMPAM02A;2
119;CIÊNCIA DA COMPUTAÇÃO;CCOMP2N04A;4
120;CIÊNCIA DA COMPUTAÇÃO;CCOMPAM03A;3
121;CIÊNCIA DA COMPUTAÇÃO;CCOMPAM04A;4
122;CIÊNCIA DA COMPUTAÇÃO;CCOMVON04A;4
123;CIÊNCIA DA COMPUTAÇÃO;CCOMVON04A;4
124;CIÊNCIA DA COMPUTAÇÃO;CCOMP2N02A;2
125;CIÊNCIA DA COMPUTAÇÃO;CCOMPAM06A;6
126;CIÊNCIA DA COMPUTAÇÃO;CCOMPAM01A;1
127;CIÊNCIA DA COMPUTAÇÃO;CCOMVON02A;2
128;CIÊNCIA DA COMPUTAÇÃO;CCOMVON08A;8
129;CIÊNCIA DA COMPUTAÇÃO;CCOMPAM01A;1
130;CIÊNCIA DA COMPUTAÇÃO;CCOMVON01A;1
131;CIÊNCIA DA COMPUTAÇÃO;CCOMPAM02A;2
132;CIÊNCIA DA COMPUTAÇÃO;CCOMP2N08A;8
133;CIÊNCIA DA COMPUTAÇÃO;CCOMPAM01A;1
134;CIÊNCIA DA COMPUTAÇÃO;CCOMP2N02A;2
135;CIÊNCIA DA COMPUTAÇÃO;CCOMVON02A;2
136;CIÊNCIA DA COMPUTAÇÃO;CCOMP2N04A;4
137;CIÊNCIA DA COMPUTAÇÃO;CCOMPAM04A;4
138;CIÊNCIA DA COMPUTAÇÃO;CCOMP2N04A;4
139;CIÊNCIA DA COMPUTAÇÃO;CCOMP2N07A;7
140;CIÊNCIA DA COMPUTAÇÃO;CCOMP2N07A;7
141;CIÊNCIA DA COMPUTAÇÃO;CCOMPAM02A;2
142;CIÊNCIA DA COMPUTAÇÃO;CCOMPAM02A;2
143;CIÊNCIA DA COMPUTAÇÃO;CCOMP2N02A;2
144;CIÊNCIA DA COMPUTAÇÃO;CCOMP2N01A;1
145;CIÊNCIA DA COMPUTAÇÃO;CCOMP2N02A;2
146;CIÊNCIA DA COMPUTAÇÃO;CCOMVON02A;2
147;CIÊNCIA DA COMPUTAÇÃO;CCOMPAM02A;2
148;CIÊNCIA DA COMPUTAÇÃO;CCOMP2N06A;6
149;CIÊNCIA DA COMPUTAÇÃO;CCOMVON02A;2
150;CIÊNCIA DA COMPUTAÇÃO;CCOMPAM02A;2
151;CIÊNCIA DA COMPUTAÇÃO;CCOMVON01A;1
152;CIÊNCIA DA COMPUTAÇÃO;CCOMVON06A;6
153;CIÊNCIA DA COMPUTAÇÃO;CCOMVON06A;6
154;CIÊNCIA DA COMPUTAÇÃO;CCOMVON02A;2
155;CIÊNCIA DA COMPUTAÇÃO;CCOMP2N02A;2
156;CIÊNCIA DA COMPUTAÇÃO;CCOMVON04A;4
157;CIÊNCIA DA COMPUTAÇÃO;CCOMP2N04A;4
158;CIÊNCIA DA COMPUTAÇÃO;CCOMVON01A;1
159;CIÊNCIA DA COMPUTAÇÃO;CCOMPAM02A;2
160;CIÊNCIA DA COMPUTAÇÃO;CCOMPAM02A;2
161;CIÊNCIA DA COMPUTAÇÃO;CCOMPAM02A;2
162;CIÊNCIA DA COMPUTAÇÃO;CCOMVON06A;6
163;CIÊNCIA DA COMPUTAÇÃO;CCOMP2N01A;1
164;CIÊNCIA DA COMPUTAÇÃO;CCOMP2N01A;1
165;CIÊNCIA DA COMPUTAÇÃO;ASSIGNAR;8
166;CIÊNCIA DA COMPUTAÇÃO;CCOMP2N01A;1
167;CIÊNCIA DA COMPUTAÇÃO;CCOMP2N08A;8
168;CIÊNCIA DA COMPUTAÇÃO;CCOMPAM02A;2
169;CIÊNCIA DA COMPUTAÇÃO;CCOMVON06A;6
170;CIÊNCIA DA COMPUTAÇÃO;CCOMVON08A;8
171;CIÊNCIA DA COMPUTAÇÃO;CCOMPAM02A;2
172;CIÊNCIA DA COMPUTAÇÃO;CCOMP2N06A;6
173;CIÊNCIA DA COMPUTAÇÃO;CCOMP2N02A;2
174;CIÊNCIA DA COMPUTAÇÃO;CCOMPAM02A;2
175;CIÊNCIA DA COMPUTAÇÃO;CCOMPAM02A;2
176;CIÊNCIA DA COMPUTAÇÃO;CCOMPAM04A;4
177;CIÊNCIA DA COMPUTAÇÃO;CCOMP2N04A;4
178;CIÊNCIA DA COMPUTAÇÃO;CCOMVON08A;8
179;CIÊNCIA DA COMPUTAÇÃO;CCOMP2N04A;4
180;CIÊNCIA DA COMPUTAÇÃO;CCOMP2N02A;2
181;CIÊNCIA DA COMPUTAÇÃO;CCOMVON02A;2
182;CIÊNCIA DA COMPUTAÇÃO;CCOMP2N02A;2
183;CIÊNCIA DA COMPUTAÇÃO;CCOMVON04A;4
184;CIÊNCIA DA COMPUTAÇÃO;CCOMVON02A;2
185;CIÊNCIA DA COMPUTAÇÃO;CCOMPAM01A;1
186;CIÊNCIA DA COMPUTAÇÃO;CCOMVON06A;6
187;CIÊNCIA DA COMPUTAÇÃO;CCOMPAM04A;4
188;CIÊNCIA DA COMPUTAÇÃO;CCOMVON02A;2
189;CIÊNCIA DA COMPUTAÇÃO;CCOMP2N02A;2
190;CIÊNCIA DA COMPUTAÇÃO;CCOMP2N04A;4
191;CIÊNCIA DA COMPUTAÇÃO;CCOMP2N01A;1
192;CIÊNCIA DA COMPUTAÇÃO;CCOMP2N02A;2
193;CIÊNCIA DA COMPUTAÇÃO;ASSIGNAR;8
194;CIÊNCIA DA COMPUTAÇÃO;CCOMP2N02A;2
195;CIÊNCIA DA COMPUTAÇÃO;CCOMVON01A;1
196;CIÊNCIA DA COMPUTAÇÃO;ASSIGNAR;8
197;CIÊNCIA DA COMPUTAÇÃO;ASSIGNAR;8
198;CIÊNCIA DA COMPUTAÇÃO;CCOMP2N02A;2
199;CIÊNCIA DA COMPUTAÇÃO;CCOMPAM06A;6
200;CIÊNCIA DA COMPUTAÇÃO;CCOMP2N06A;6
201;CIÊNCIA DA COMPUTAÇÃO;CCOMP2N04A;4
202;CIÊNCIA DA COMPUTAÇÃO;CCOMP2N07A;7
203;CIÊNCIA DA COMPUTAÇÃO;CCOMP2N04A;4
204;CIÊNCIA DA COMPUTAÇÃO;CCOMVON01A;1
205;CIÊNCIA DA COMPUTAÇÃO;CCOMVON06A;6
206;CIÊNCIA DA COMPUTAÇÃO;CCOMVON02A;2
207;CIÊNCIA DA COMPUTAÇÃO;CCOMVON01A;1
208;CIÊNCIA DA COMPUTAÇÃO;CCOMPAM02A;2
209;CIÊNCIA DA COMPUTAÇÃO;CCOMP2N06A;6
210;CIÊNCIA DA COMPUTAÇÃO;CCOMVON02A;2
211;CIÊNCIA DA COMPUTAÇÃO;CCOMVON04A;4
212;CIÊNCIA DA COMPUTAÇÃO;CCOMVON06A;6
213;CIÊNCIA DA COMPUTAÇÃO;CCOMP2N01A;1
214;CIÊNCIA DA COMPUTAÇÃO;CCOMVON02A;2
215;CIÊNCIA DA COMPUTAÇÃO;CCOMVON02A;2
216;CIÊNCIA DA COMPUTAÇÃO;CCOMPAM02A;2
217;CIÊNCIA DA COMPUTAÇÃO;CCOMVON04A;4
218;CIÊNCIA DA COMPUTAÇÃO;CCOMPAM02A;2
219;CIÊNCIA DA COMPUTAÇÃO;CCOMVON02A;2
220;CIÊNCIA DA COMPUTAÇÃO;CCOMPAM02A;2
221;CIÊNCIA DA COMPUTAÇÃO;CCOMP2N02A;2
222;CIÊNCIA DA COMPUTAÇÃO;CCOMVON04A;4
223;CIÊNCIA DA COMPUTAÇÃO;ASSIGNAR;8
224;CIÊNCIA DA COMPUTAÇÃO;CCOMPAM02A;2
225;CIÊNCIA DA COMPUTAÇÃO;CCOMVON02A;2
226;CIÊNCIA DA COMPUTAÇÃO;CCOMP2N07A;7
227;CIÊNCIA DA COMPUTAÇÃO;CCOMPAM04A;4
228;CIÊNCIA DA COMPUTAÇÃO;CCOMPAM02A;2
229;CIÊNCIA DA COMPUTAÇÃO;CCOMP2N06A;6
230;CIÊNCIA DA COMPUTAÇÃO;CCOMPAM02A;2
231;CIÊNCIA DA COMPUTAÇÃO;CCOMVON02A;2
232;CIÊNCIA DA COMPUTAÇÃO;CCOMVON04A;4
233;CIÊNCIA DA COMPUTAÇÃO;CCOMVON04A;4
234;CIÊNCIA DA COMPUTAÇÃO;CCOMVON01A;1
235;CIÊNCIA DA COMPUTAÇÃO;CCOMPAM02A;2
236;CIÊNCIA DA COMPUTAÇÃO;CCOMVON02A;2
237;CIÊNCIA DA COMPUTAÇÃO;CCOMPAM03A;3
238;CIÊNCIA DA COMPUTAÇÃO;CCOMP2N06A;6
239;CIÊNCIA DA COMPUTAÇÃO;CCOMPAM02A;2
240;CIÊNCIA DA COMPUTAÇÃO;CCOMP2N04A;4
241;CIÊNCIA DA COMPUTAÇÃO;CCOMVON06A;6
242;CIÊNCIA DA COMPUTAÇÃO;CCOMP2N01A;1
243;CIÊNCIA DA COMPUTAÇÃO;CCOMP2N06A;6
244;CIÊNCIA DA COMPUTAÇÃO;CCOMVON06A;6
245;CIÊNCIA DA COMPUTAÇÃO;CCOMPAM04A;4
246;CIÊNCIA DA COMPUTAÇÃO;CCOMP2N06A;6
247;CIÊNCIA DA COMPUTAÇÃO;CCOMVON06A;6
248;CIÊNCIA DA COMPUTAÇÃO;CCOMPAM02A;2
249;CIÊNCIA DA COMPUTAÇÃO;CCOMVON08A;8
250;CIÊNCIA DA COMPUTAÇÃO;CCOMVON02A;2
251;CIÊNCIA DA COMPUTAÇÃO;CCOMP2N06A;6
252;CIÊNCIA DA COMPUTAÇÃO;CCOMPAM02A;2
253;CIÊNCIA DA COMPUTAÇÃO;CCOMP2N02A;2
254;CIÊNCIA DA COMPUTAÇÃO;CCOMVON08A;8
255;CIÊNCIA DA COMPUTAÇÃO;CCOMPAM02A;2
256;CIÊNCIA DA COMPUTAÇÃO;CCOMPAM04A;4
257;CIÊNCIA DA COMPUTAÇÃO;CCOMP2N07A;7
258;CIÊNCIA DA COMPUTAÇÃO;CCOMP2N08A;8
259;CIÊNCIA DA COMPUTAÇÃO;CCOMPAM06A;6
260;CIÊNCIA DA COMPUTAÇÃO;CCOMP2N06A;6
261;CIÊNCIA DA COMPUTAÇÃO;CCOMP2N01A;1
262;CIÊNCIA DA COMPUTAÇÃO;CCOMPAM06A;6
263;CIÊNCIA DA COMPUTAÇÃO;CCOMP2N04A;4
264;CIÊNCIA DA COMPUTAÇÃO;CCOMPAM04A;4
265;CIÊNCIA DA COMPUTAÇÃO;CCOMP2N06A;6
266;CIÊNCIA DA COMPUTAÇÃO;CCOMP2N04A;4
267;CIÊNCIA DA COMPUTAÇÃO;CCOMVON02A;2
268;CIÊNCIA DA COMPUTAÇÃO;CCOMP2N04A;4
269;CIÊNCIA DA COMPUTAÇÃO;CCOMP2N06A;6
270;CIÊNCIA DA COMPUTAÇÃO;CCOMP2N04A;4
271;CIÊNCIA DA COMPUTAÇÃO;CCOMVON08A;8
272;CIÊNCIA DA COMPUTAÇÃO;CCOMVON02A;2
273;CIÊNCIA DA COMPUTAÇÃO;CCOMVON08A;8
274;CIÊNCIA DA COMPUTAÇÃO;CCOMVON06A;6
275;CIÊNCIA DA COMPUTAÇÃO;CCOMPAM02A;2
276;CIÊNCIA DA COMPUTAÇÃO;CCOMPAM02A;2
277;CIÊNCIA DA COMPUTAÇÃO;CCOMPAM04A;4
278;CIÊNCIA DA COMPUTAÇÃO;CCOMVON08A;8
279;CIÊNCIA DA COMPUTAÇÃO;CCOMP2N06A;6
280;CIÊNCIA DA COMPUTAÇÃO;CCOMPAM04A;4
281;CIÊNCIA DA COMPUTAÇÃO;CCOMPAM02A;2
282;CIÊNCIA DA COMPUTAÇÃO;CCOMPAM03A;3
283;CIÊNCIA DA COMPUTAÇÃO;CCOMP2N06A;6
284;CIÊNCIA DA COMPUTAÇÃO;CCOMVON02A;2
285;CIÊNCIA DA COMPUTAÇÃO;CCOMPAM01A;1
286;CIÊNCIA DA COMPUTAÇÃO;CCOMP2N02A;2
287;CIÊNCIA DA COMPUTAÇÃO;CCOMP2N04A;4
288;CIÊNCIA DA COMPUTAÇÃO;CCOMP2N06A;6
289;CIÊNCIA DA COMPUTAÇÃO;CCOMVON08A;8
290;CIÊNCIA DA COMPUTAÇÃO;CCOMP2N06A;6
291;CIÊNCIA DA COMPUTAÇÃO;CCOMP2N01A;1
292;CIÊNCIA DA COMPUTAÇÃO;ASSIGNAR;8
293;CIÊNCIA DA COMPUTAÇÃO;CCOMP2N01A;1
294;CIÊNCIA DA COMPUTAÇÃO;CCOMP2N06A;6
295;CIÊNCIA DA COMPUTAÇÃO;CCOMP2N04A;4
296;CIÊNCIA DA COMPUTAÇÃO;CCOMPAM02A;2
297;CIÊNCIA DA COMPUTAÇÃO;CCOMPAM02A;2
298;CIÊNCIA DA COMPUTAÇÃO;CCOMVON02A;2
299;CIÊNCIA DA COMPUTAÇÃO;CCOMVON04A;4
300;CIÊNCIA DA COMPUTAÇÃO;CCOMPAM02A;2
301;CIÊNCIA DA COMPUTAÇÃO;CCOMPAM02A;2
302;CIÊNCIA DA COMPUTAÇÃO;CCOMPAM01A;1
303;CIÊNCIA DA COMPUTAÇÃO;CCOMP2N08A;8
304;CIÊNCIA DA COMPUTAÇÃO;CCOMPAM04A;4
305;CIÊNCIA DA COMPUTAÇÃO;CCOMPAM04A;4
306;CIÊNCIA DA COMPUTAÇÃO;CCOMP2N02A;2
307;CIÊNCIA DA COMPUTAÇÃO;CCOMPAM02A;2
308;CIÊNCIA DA COMPUTAÇÃO;CCOMPAM04A;4
309;CIÊNCIA DA COMPUTAÇÃO;CCOMP2N04A;4
310;CIÊNCIA DA COMPUTAÇÃO;CCOMP2N08A;8
311;CIÊNCIA DA COMPUTAÇÃO;CCOMPAM01A;1
312;CIÊNCIA DA COMPUTAÇÃO;CCOMPAM04A;4
313;CIÊNCIA DA COMPUTAÇÃO;CCOMP2N06A;6
314;CIÊNCIA DA COMPUTAÇÃO;CCOMPAM02A;2
315;CIÊNCIA DA COMPUTAÇÃO;CCOMPAM04A;4
316;CIÊNCIA DA COMPUTAÇÃO;CCOMVON08A;8
317;CIÊNCIA DA COMPUTAÇÃO;CCOMPAM01A;1
318;CIÊNCIA DA COMPUTAÇÃO;CCOMVON06A;6
319;CIÊNCIA DA COMPUTAÇÃO;CCOMVON08A;8
320;CIÊNCIA DA COMPUTAÇÃO;CCOMPAM03A;3
321;CIÊNCIA DA COMPUTAÇÃO;CCOMVON08A;8
322;CIÊNCIA DA COMPUTAÇÃO;CCOMVON08A;8
323;CIÊNCIA DA COMPUTAÇÃO;CCOMPAM04A;4
324;CIÊNCIA DA COMPUTAÇÃO;CCOMVON04A;4
325;CIÊNCIA DA COMPUTAÇÃO;CCOMPAM02A;2
326;CIÊNCIA DA COMPUTAÇÃO;CCOMVON06A;6
327;CIÊNCIA DA COMPUTAÇÃO;CCOMVON06A;6
328;CIÊNCIA DA COMPUTAÇÃO;CCOMVON06A;6
329;CIÊNCIA DA COMPUTAÇÃO;ASSIGNAR;8
330;CIÊNCIA DA COMPUTAÇÃO;CCOMP2N04A;4
331;CIÊNCIA DA COMPUTAÇÃO;CCOMP2N02A;2
332;CIÊNCIA DA COMPUTAÇÃO;CCOMPAM01A;1
333;CIÊNCIA DA COMPUTAÇÃO;CCOMVON06A;6
334;CIÊNCIA DA COMPUTAÇÃO;CCOMVON04A;4
335;CIÊNCIA DA COMPUTAÇÃO;CCOMP2N04A;4
336;CIÊNCIA DA COMPUTAÇÃO;CCOMP2N01A;1
337;CIÊNCIA DA COMPUTAÇÃO;SIVON04;4
338;CIÊNCIA DA COMPUTAÇÃO;SIVON02;2
339;CIÊNCIA DA COMPUTAÇÃO;CCOMP2N07A;7
340;CIÊNCIA DA COMPUTAÇÃO;CCOMPAM01A;1
341;CIÊNCIA DA COMPUTAÇÃO;CCOMVON01A;1
342;CIÊNCIA DA COMPUTAÇÃO;CCOMPAM01A;1
343;CIÊNCIA DA COMPUTAÇÃO;CCOMPAM04A;4
344;CIÊNCIA DA COMPUTAÇÃO;CCOMPAM01A;1
345;CIÊNCIA DA COMPUTAÇÃO;CCOMPAM04A;4
346;CIÊNCIA DA COMPUTAÇÃO;CCOMP2N07A;7
347;CIÊNCIA DA COMPUTAÇÃO;CCOMVON03A;3
348;CIÊNCIA DA COMPUTAÇÃO;ASSIGNAR;8
349;CIÊNCIA DA COMPUTAÇÃO;CCOMP2N01A;1
350;CIÊNCIA DA COMPUTAÇÃO;CCOMVON05A;5
351;CIÊNCIA DA COMPUTAÇÃO;CCOMP2N08A;8
352;CIÊNCIA DA COMPUTAÇÃO;CCOMPAM01A;1
353;CIÊNCIA DA COMPUTAÇÃO;CCOMVON07A;7
354;CIÊNCIA DA COMPUTAÇÃO;CCOMVON05A;5
355;CIÊNCIA DA COMPUTAÇÃO;CCOMP2N08A;8
356;CIÊNCIA DA COMPUTAÇÃO;CCOMPAM03A;3
357;CIÊNCIA DA COMPUTAÇÃO;CCOMP2N08A;8
358;CIÊNCIA DA COMPUTAÇÃO;CCOMPAM04A;4
359;CIÊNCIA DA COMPUTAÇÃO;CCOMVON02A;2
360;CIÊNCIA DA COMPUTAÇÃO;CCOMP2N05A;5
361;CIÊNCIA DA COMPUTAÇÃO;CCOMPAM05A;5
362;CIÊNCIA DA COMPUTAÇÃO;CCOMP2N01A;1
363;CIÊNCIA DA COMPUTAÇÃO;CCOMP2N07A;7
364;CIÊNCIA DA COMPUTAÇÃO;CCOMPAM03A;3
365;CIÊNCIA DA COMPUTAÇÃO;CCOMP2N01A;1
366;CIÊNCIA DA COMPUTAÇÃO;CCOMPAM03A;3
367;CIÊNCIA DA COMPUTAÇÃO;CCOMVON05A;5
368;CIÊNCIA DA COMPUTAÇÃO;CCOMP2N01A;1
369;CIÊNCIA DA COMPUTAÇÃO;CCOMPAM01A;1
370;CIÊNCIA DA COMPUTAÇÃO;CCOMVON05A;5
371;CIÊNCIA DA COMPUTAÇÃO;CCOMPAM01A;1
372;CIÊNCIA DA COMPUTAÇÃO;CCOMP2N03A;3
373;CIÊNCIA DA COMPUTAÇÃO;CCOMPAM01A;1
374;CIÊNCIA DA COMPUTAÇÃO;CCOMP2N07A;7
375;CIÊNCIA DA COMPUTAÇÃO;CCOMPAM05A;5
376;CIÊNCIA DA COMPUTAÇÃO;CCOMP2N02A;2
377;CIÊNCIA DA COMPUTAÇÃO;CCOMP2N03A;3
378;CIÊNCIA DA COMPUTAÇÃO;CCOMVON01A;1
379;CIÊNCIA DA COMPUTAÇÃO;CCOMVON05A;5
380;CIÊNCIA DA COMPUTAÇÃO;CCOMVON07A;7
381;CIÊNCIA DA COMPUTAÇÃO;CCOMPAM01A;1
382;CIÊNCIA DA COMPUTAÇÃO;CCOMPAM01A;1
383;CIÊNCIA DA COMPUTAÇÃO;CCOMP2N02A;2
384;CIÊNCIA DA COMPUTAÇÃO;CCOMP2N05A;5
385;CIÊNCIA DA COMPUTAÇÃO;CCOMVON01A;1
386;CIÊNCIA DA COMPUTAÇÃO;CCOMP2N05A;5
387;CIÊNCIA DA COMPUTAÇÃO;CCOMVON05A;5
388;CIÊNCIA DA COMPUTAÇÃO;CCOMVON01A;1
389;CIÊNCIA DA COMPUTAÇÃO;CCOMPAM01A;1
390;CIÊNCIA DA COMPUTAÇÃO;CCOMVON02A;2
391;CIÊNCIA DA COMPUTAÇÃO;ASSIGNAR;8
392;CIÊNCIA DA COMPUTAÇÃO;CCOMP2N07A;7
393;CIÊNCIA DA COMPUTAÇÃO;CCOMP2N01A;1
394;CIÊNCIA DA COMPUTAÇÃO;CCOMVON01A;1
395;CIÊNCIA DA COMPUTAÇÃO;CCOMPAM04A;4
396;CIÊNCIA DA COMPUTAÇÃO;CCOMPAM01A;1
397;CIÊNCIA DA COMPUTAÇÃO;CCOMVON01A;1
398;CIÊNCIA DA COMPUTAÇÃO;CCOMVON07A;7
399;CIÊNCIA DA COMPUTAÇÃO;CCOMP2N07A;7
400;CIÊNCIA DA COMPUTAÇÃO;CCOMP2N05A;5
401;CIÊNCIA DA COMPUTAÇÃO;CCOMVON02A;2
402;CIÊNCIA DA COMPUTAÇÃO;CCOMVON03A;3
403;CIÊNCIA DA COMPUTAÇÃO;CCOMP2N02A;2
404;CIÊNCIA DA COMPUTAÇÃO;CCOMVON02A;2
405;CIÊNCIA DA COMPUTAÇÃO;CCOMP2N05A;5
406;CIÊNCIA DA COMPUTAÇÃO;CCOMP2N02A;2
407;CIÊNCIA DA COMPUTAÇÃO;CCOMPAM01A;1
408;CIÊNCIA DA COMPUTAÇÃO;CCOMP2N05A;5
409;CIÊNCIA DA COMPUTAÇÃO;CCOMPAM04A;4
410;CIÊNCIA DA COMPUTAÇÃO;CCOMP2N05A;5
411;CIÊNCIA DA COMPUTAÇÃO;CCOMPAM01A;1
412;CIÊNCIA DA COMPUTAÇÃO;CCOMPAM01A;1
413;CIÊNCIA DA COMPUTAÇÃO;CCOMP2N01A;1
414;CIÊNCIA DA COMPUTAÇÃO;CCOMP2N03A;3
415;CIÊNCIA DA COMPUTAÇÃO;CCOMVON01A;1
416;CIÊNCIA DA COMPUTAÇÃO;CCOMPAM04A;4
417;CIÊNCIA DA COMPUTAÇÃO;CCOMVON03A;3
418;CIÊNCIA DA COMPUTAÇÃO;CCOMP2N01A;1
419;CIÊNCIA DA COMPUTAÇÃO;ASSIGNAR;8
420;CIÊNCIA DA COMPUTAÇÃO;CCOMVON01A;1
421;CIÊNCIA DA COMPUTAÇÃO;CCOMPAM02A;2
422;CIÊNCIA DA COMPUTAÇÃO;CCOMPAM02A;2
423;CIÊNCIA DA COMPUTAÇÃO;CCOMP2N02A;2
424;CIÊNCIA DA COMPUTAÇÃO;CCOMP2N01A;1
425;CIÊNCIA DA COMPUTAÇÃO;CCOMVON01A;1
426;CIÊNCIA DA COMPUTAÇÃO;CCOMPAM05A;5
427;CIÊNCIA DA COMPUTAÇÃO;CCOMPAM01A;1
428;CIÊNCIA DA COMPUTAÇÃO;CCOMVON01A;1
429;CIÊNCIA DA COMPUTAÇÃO;CCOMP2N05A;5
430;CIÊNCIA DA COMPUTAÇÃO;CCOMP2N05A;5
431;CIÊNCIA DA COMPUTAÇÃO;CCOMPAM01A;1
432;CIÊNCIA DA COMPUTAÇÃO;CCOMP2N01A;1
433;CIÊNCIA DA COMPUTAÇÃO;CCOMP2N01A;1
434;CIÊNCIA DA COMPUTAÇÃO;CCOMP2N03A;3
435;CIÊNCIA DA COMPUTAÇÃO;CCOMVON05A;5
436;CIÊNCIA DA COMPUTAÇÃO;CCOMP2N07A;7
437;CIÊNCIA DA COMPUTAÇÃO;CCOMVON01A;1
438;CIÊNCIA DA COMPUTAÇÃO;CCOMP2N03A;3
439;CIÊNCIA DA COMPUTAÇÃO;CCOMVON07A;7
440;CIÊNCIA DA COMPUTAÇÃO;ASSIGNAR;8
441;CIÊNCIA DA COMPUTAÇÃO;CCOMPAM01A;1
442;CIÊNCIA DA COMPUTAÇÃO;CCOMPAM03A;3
443;CIÊNCIA DA COMPUTAÇÃO;CCOMP2N01A;1
444;CIÊNCIA DA COMPUTAÇÃO;CCOMP2N07A;7
445;CIÊNCIA DA COMPUTAÇÃO;CCOMPAM01A;1
446;CIÊNCIA DA COMPUTAÇÃO;CCOMVON07A;7
447;CIÊNCIA DA COMPUTAÇÃO;ASSIGNAR;8
448;CIÊNCIA DA COMPUTAÇÃO;CCOMP2N05A;5
449;CIÊNCIA DA COMPUTAÇÃO;CCOMP2N01A;1
450;CIÊNCIA DA COMPUTAÇÃO;CCOMPAM03A;3
451;CIÊNCIA DA COMPUTAÇÃO;CCOMPAM01A;1
452;CIÊNCIA DA COMPUTAÇÃO;CCOMP2N05A;5
453;CIÊNCIA DA COMPUTAÇÃO;ASSIGNAR;8
454;CIÊNCIA DA COMPUTAÇÃO;CCOMPAM02A;2
455;CIÊNCIA DA COMPUTAÇÃO;CCOMP2N08A;8
456;CIÊNCIA DA COMPUTAÇÃO;CCOMP2N05A;5
457;CIÊNCIA DA COMPUTAÇÃO;CCOMPAM01A;1
458;CIÊNCIA DA COMPUTAÇÃO;CCOMVON01A;1
459;CIÊNCIA DA COMPUTAÇÃO;CCOMVON07A;7
460;CIÊNCIA DA COMPUTAÇÃO;CCOMPAM01A;1
461;CIÊNCIA DA COMPUTAÇÃO;CCOMPAM03A;3
462;CIÊNCIA DA COMPUTAÇÃO;ASSIGNAR;8
463;CIÊNCIA DA COMPUTAÇÃO;CCOMPAM03A;3
464;CIÊNCIA DA COMPUTAÇÃO;CCOMP2N01A;1
465;CIÊNCIA DA COMPUTAÇÃO;CCOMVON05A;5
466;CIÊNCIA DA COMPUTAÇÃO;CCOMPAM03A;3
467;CIÊNCIA DA COMPUTAÇÃO;CCOMVON01A;1
468;CIÊNCIA DA COMPUTAÇÃO;CCOMP2N07A;7
469;CIÊNCIA DA COMPUTAÇÃO;CCOMPAM01A;1
470;CIÊNCIA DA COMPUTAÇÃO;CCOMPAM02A;2
471;CIÊNCIA DA COMPUTAÇÃO;CCOMVON07A;7
472;CIÊNCIA DA COMPUTAÇÃO;CCOMVON01A;1
473;CIÊNCIA DA COMPUTAÇÃO;CCOMPAM04A;4
474;CIÊNCIA DA COMPUTAÇÃO;CCOMPAM01A;1
475;CIÊNCIA DA COMPUTAÇÃO;CCOMVON01A;1
476;CIÊNCIA DA COMPUTAÇÃO;CCOMPAM01A;1
477;CIÊNCIA DA COMPUTAÇÃO;CCOMPAM01A;1
478;CIÊNCIA DA COMPUTAÇÃO;CCOMP2N01A;1
479;CIÊNCIA DA COMPUTAÇÃO;CCOMP2N02A;2
480;CIÊNCIA DA COMPUTAÇÃO;CCOMVON01A;1
481;CIÊNCIA DA COMPUTAÇÃO;CCOMPAM02A;2
482;CIÊNCIA DA COMPUTAÇÃO;CCOMP2N05A;5
483;CIÊNCIA DA COMPUTAÇÃO;CCOMVON02A;2
484;CIÊNCIA DA COMPUTAÇÃO;CCOMVON03A;3
485;CIÊNCIA DA COMPUTAÇÃO;ASSIGNAR;8
486;CIÊNCIA DA COMPUTAÇÃO;CCOMP2N03A;3
487;CIÊNCIA DA COMPUTAÇÃO;CCOMP2N07A;7
488;CIÊNCIA DA COMPUTAÇÃO;CCOMVON01A;1
489;CIÊNCIA DA COMPUTAÇÃO;CCOMPAM05A;5
490;CIÊNCIA DA COMPUTAÇÃO;CCOMP2N01A;1
491;CIÊNCIA DA COMPUTAÇÃO;CCOMPAM03A;3
492;CIÊNCIA DA COMPUTAÇÃO;CCOMP2N01A;1
493;CIÊNCIA DA COMPUTAÇÃO;CCOMP2N05A;5
494;CIÊNCIA DA COMPUTAÇÃO;CCOMPAM01A;1
495;CIÊNCIA DA COMPUTAÇÃO;CCOMVON02A;2
496;CIÊNCIA DA COMPUTAÇÃO;CCOMVON02A;2
497;CIÊNCIA DA COMPUTAÇÃO;CCOMVON01A;1
498;CIÊNCIA DA COMPUTAÇÃO;CCOMP2N01A;1
499;CIÊNCIA DA COMPUTAÇÃO;CCOMP2N05A;5
500;CIÊNCIA DA COMPUTAÇÃO;CCOMPAM03A;3
501;CIÊNCIA DA COMPUTAÇÃO;CCOMVON01A;1
502;CIÊNCIA DA COMPUTAÇÃO;CCOMPAM04A;4
503;CIÊNCIA DA COMPUTAÇÃO;CCOMVON01A;1
504;CIÊNCIA DA COMPUTAÇÃO;CCOMPAM03A;3
505;CIÊNCIA DA COMPUTAÇÃO;CCOMP2N05A;5
506;CIÊNCIA DA COMPUTAÇÃO;CCOMVON01A;1
507;CIÊNCIA DA COMPUTAÇÃO;CCOMPAM01A;1
508;CIÊNCIA DA COMPUTAÇÃO;CCOMPAM05A;5
509;CIÊNCIA DA COMPUTAÇÃO;CCOMVON01A;1
510;CIÊNCIA DA COMPUTAÇÃO;CCOMPAM01A;1
511;CIÊNCIA DA COMPUTAÇÃO;CCOMP2N01A;1
512;CIÊNCIA DA COMPUTAÇÃO;CCOMVON05A;5
513;CIÊNCIA DA COMPUTAÇÃO;CCOMVON01A;1
514;CIÊNCIA DA COMPUTAÇÃO;CCOMVON05A;5
515;CIÊNCIA DA COMPUTAÇÃO;CCOMP2N03A;3
516;CIÊNCIA DA COMPUTAÇÃO;CCOMP2N01A;1
517;CIÊNCIA DA COMPUTAÇÃO;CCOMP2N07A;7
518;CIÊNCIA DA COMPUTAÇÃO;CCOMPAM01A;1
519;CIÊNCIA DA COMPUTAÇÃO;CCOMPAM05A;5
520;CIÊNCIA DA COMPUTAÇÃO;CCOMP2N01A;1
521;CIÊNCIA DA COMPUTAÇÃO;CCOMP2N01A;1
522;CIÊNCIA DA COMPUTAÇÃO;CCOMPAM01A;1
523;CIÊNCIA DA COMPUTAÇÃO;CCOMVON02A;2
524;CIÊNCIA DA COMPUTAÇÃO;ASSIGNAR;8
525;CIÊNCIA DA COMPUTAÇÃO;CCOMPAM02A;2
526;CIÊNCIA DA COMPUTAÇÃO;CCOMP2N01A;1
527;CIÊNCIA DA COMPUTAÇÃO;CCOMP2N03A;3
528;CIÊNCIA DA COMPUTAÇÃO;CCOMPAM01A;1
529;CIÊNCIA DA COMPUTAÇÃO;CCOMVON05A;5
530;CIÊNCIA DA COMPUTAÇÃO;CCOMPAM01A;1
531;CIÊNCIA DA COMPUTAÇÃO;CCOMPAM05A;5
532;CIÊNCIA DA COMPUTAÇÃO;CCOMPAM01A;1
533;CIÊNCIA DA COMPUTAÇÃO;CCOMVON01A;1
534;CIÊNCIA DA COMPUTAÇÃO;CCOMP2N01A;1
535;CIÊNCIA DA COMPUTAÇÃO;CCOMPAM01A;1
536;CIÊNCIA DA COMPUTAÇÃO;CCOMP2N08A;8
537;CIÊNCIA DA COMPUTAÇÃO;CCOMPAM03A;3
538;CIÊNCIA DA COMPUTAÇÃO;CCOMPAM03A;3
539;CIÊNCIA DA COMPUTAÇÃO;CCOMP2N03A;3
540;CIÊNCIA DA COMPUTAÇÃO;CCOMP2N02A;2
541;CIÊNCIA DA COMPUTAÇÃO;CCOMP2N01A;1
542;CIÊNCIA DA COMPUTAÇÃO;CCOMVON01A;1
543;CIÊNCIA DA COMPUTAÇÃO;CCOMPAM01A;1
544;CIÊNCIA DA COMPUTAÇÃO;CCOMP2N03A;3
545;CIÊNCIA DA COMPUTAÇÃO;CCOMVON03A;3
546;CIÊNCIA DA COMPUTAÇÃO;CCOMPAM03A;3
547;CIÊNCIA DA COMPUTAÇÃO;CCOMP2N07A;7
548;CIÊNCIA DA COMPUTAÇÃO;CCOMP2N01A;1
549;CIÊNCIA DA COMPUTAÇÃO;CCOMP2N01A;1
550;CIÊNCIA DA COMPUTAÇÃO;CCOMPAM03A;3
551;CIÊNCIA DA COMPUTAÇÃO;CCOMP2N01A;1
552;CIÊNCIA DA COMPUTAÇÃO;CCOMPAM04A;4
553;CIÊNCIA DA COMPUTAÇÃO;CCOMVON07A;7
554;CIÊNCIA DA COMPUTAÇÃO;CCOMVON07A;7
555;CIÊNCIA DA COMPUTAÇÃO;CCOMVON03A;3
556;CIÊNCIA DA COMPUTAÇÃO;CCOMVON02A;2
557;CIÊNCIA DA COMPUTAÇÃO;CCOMPAM01A;1
558;CIÊNCIA DA COMPUTAÇÃO;CCOMPAM03A;3
559;CIÊNCIA DA COMPUTAÇÃO;CCOMP2N02A;2
560;CIÊNCIA DA COMPUTAÇÃO;CCOMPAM03A;3
561;CIÊNCIA DA COMPUTAÇÃO;CCOMP2N01A;1
562;CIÊNCIA DA COMPUTAÇÃO;CCOMPAM03A;3
563;CIÊNCIA DA COMPUTAÇÃO;CCOMVON07A;7
564;CIÊNCIA DA COMPUTAÇÃO;CCOMP2N02A;2
565;CIÊNCIA DA COMPUTAÇÃO;CCOMP2N02A;2
566;CIÊNCIA DA COMPUTAÇÃO;CCOMP2N02A;2
567;CIÊNCIA DA COMPUTAÇÃO;CCOMPAM01A;1
568;CIÊNCIA DA COMPUTAÇÃO;CCOMPAM01A;1
569;CIÊNCIA DA COMPUTAÇÃO;CCOMPAM01A;1
570;CIÊNCIA DA COMPUTAÇÃO;CCOMVON07A;7
571;CIÊNCIA DA COMPUTAÇÃO;CCOMPAM03A;3
572;CIÊNCIA DA COMPUTAÇÃO;CCOMP2N07A;7
573;CIÊNCIA DA COMPUTAÇÃO;CCOMP2N03A;3
574;CIÊNCIA DA COMPUTAÇÃO;CCOMP2N01A;1
575;CIÊNCIA DA COMPUTAÇÃO;CCOMPAM03A;3
576;CIÊNCIA DA COMPUTAÇÃO;CCOMPAM03A;3
577;CIÊNCIA DA COMPUTAÇÃO;CCOMPAM05A;5
578;CIÊNCIA DA COMPUTAÇÃO;CCOMP2N05A;5
579;CIÊNCIA DA COMPUTAÇÃO;CCOMVON01A;1
580;CIÊNCIA DA COMPUTAÇÃO;CCOMP2N05A;5
581;CIÊNCIA DA COMPUTAÇÃO;CCOMVON01A;1
582;CIÊNCIA DA COMPUTAÇÃO;CCOMVON01A;1
583;CIÊNCIA DA COMPUTAÇÃO;CCOMP2N03A;3
584;CIÊNCIA DA COMPUTAÇÃO;CCOMVON03A;3
585;CIÊNCIA DA COMPUTAÇÃO;CCOMVON05A;5
586;CIÊNCIA DA COMPUTAÇÃO;CCOMVON03A;3
587;CIÊNCIA DA COMPUTAÇÃO;CCOMP2N01A;1
588;CIÊNCIA DA COMPUTAÇÃO;CCOMVON01A;1
589;CIÊNCIA DA COMPUTAÇÃO;CCOMPAM02A;2
590;CIÊNCIA DA COMPUTAÇÃO;CCOMVON07A;7
591;CIÊNCIA DA COMPUTAÇÃO;CCOMPAM05A;5
592;CIÊNCIA DA COMPUTAÇÃO;CCOMPAM01A;1
593;CIÊNCIA DA COMPUTAÇÃO;CCOMP2N03A;3
594;CIÊNCIA DA COMPUTAÇÃO;CCOMPAM01A;1
595;CIÊNCIA DA COMPUTAÇÃO;CCOMP2N05A;5
596;CIÊNCIA DA COMPUTAÇÃO;CCOMP2N03A;3
597;CIÊNCIA DA COMPUTAÇÃO;ASSIGNAR;8
598;CIÊNCIA DA COMPUTAÇÃO;CCOMVON03A;3
599;CIÊNCIA DA COMPUTAÇÃO;CCOMP2N01A;1
600;CIÊNCIA DA COMPUTAÇÃO;CCOMP2N03A;3
601;CIÊNCIA DA COMPUTAÇÃO;CCOMP2N01A;1
602;CIÊNCIA DA COMPUTAÇÃO;CCOMVON05A;5
603;CIÊNCIA DA COMPUTAÇÃO;CCOMP2N01A;1
604;CIÊNCIA DA COMPUTAÇÃO;CCOMP2N03A;3
605;CIÊNCIA DA COMPUTAÇÃO;CCOMP2N07A;7
606;CIÊNCIA DA COMPUTAÇÃO;CCOMP2N07A;7
607;CIÊNCIA DA COMPUTAÇÃO;CCOMPAM04A;4
608;CIÊNCIA DA COMPUTAÇÃO;CCOMP2N05A;5
609;CIÊNCIA DA COMPUTAÇÃO;CCOMP2N08A;8
610;CIÊNCIA DA COMPUTAÇÃO;CCOMVON05A;5
611;CIÊNCIA DA COMPUTAÇÃO;CCOMP2N05A;5
612;CIÊNCIA DA COMPUTAÇÃO;CCOMVON02A;2
613;CIÊNCIA DA COMPUTAÇÃO;CCOMVON07A;7
614;CIÊNCIA DA COMPUTAÇÃO;ASSIGNAR;8
615;CIÊNCIA DA COMPUTAÇÃO;CCOMVON03A;3
616;CIÊNCIA DA COMPUTAÇÃO;CCOMPAM03A;3
617;CIÊNCIA DA COMPUTAÇÃO;CCOMP2N07A;7
618;CIÊNCIA DA COMPUTAÇÃO;CCOMVON03A;3
619;CIÊNCIA DA COMPUTAÇÃO;CCOMP2N01A;1
620;CIÊNCIA DA COMPUTAÇÃO;CCOMVON05A;5
621;CIÊNCIA DA COMPUTAÇÃO;CCOMVON07A;7
622;CIÊNCIA DA COMPUTAÇÃO;CCOMPAM01A;1
623;CIÊNCIA DA COMPUTAÇÃO;CCOMVON01A;1
624;CIÊNCIA DA COMPUTAÇÃO;CCOMP2N01A;1
625;CIÊNCIA DA COMPUTAÇÃO;CCOMPAM01A;1
626;CIÊNCIA DA COMPUTAÇÃO;CCOMVON03A;3
627;CIÊNCIA DA COMPUTAÇÃO;CCOMPAM01A;1
628;CIÊNCIA DA COMPUTAÇÃO;CCOMVON03A;3
629;CIÊNCIA DA COMPUTAÇÃO;CCOMPAM01A;1
630;CIÊNCIA DA COMPUTAÇÃO;CCOMPAM04A;4
631;CIÊNCIA DA COMPUTAÇÃO;CCOMPAM03A;3
632;CIÊNCIA DA COMPUTAÇÃO;CCOMVON05A;5
633;CIÊNCIA DA COMPUTAÇÃO;CCOMPAM03A;3
634;CIÊNCIA DA COMPUTAÇÃO;CCOMPAM03A;3
635;CIÊNCIA DA COMPUTAÇÃO;CCOMVON05A;5
636;CIÊNCIA DA COMPUTAÇÃO;CCOMVON01A;1
637;CIÊNCIA DA COMPUTAÇÃO;ASSIGNAR;8
638;CIÊNCIA DA COMPUTAÇÃO;CCOMP2N01A;1
639;CIÊNCIA DA COMPUTAÇÃO;CCOMVON01A;1
640;CIÊNCIA DA COMPUTAÇÃO;CCOMPAM03A;3
641;CIÊNCIA DA COMPUTAÇÃO;CCOMVON03A;3
642;CIÊNCIA DA COMPUTAÇÃO;CCOMVON01A;1
643;CIÊNCIA DA COMPUTAÇÃO;CCOMPAM01A;1
644;CIÊNCIA DA COMPUTAÇÃO;CCOMPAM04A;4
645;CIÊNCIA DA COMPUTAÇÃO;CCOMPAM01A;1
646;CIÊNCIA DA COMPUTAÇÃO;CCOMP2N08A;8
647;CIÊNCIA DA COMPUTAÇÃO;CCOMPAM05A;5
648;CIÊNCIA DA COMPUTAÇÃO;CCOMVON01A;1
649;CIÊNCIA DA COMPUTAÇÃO;CCOMPAM01A;1
650;CIÊNCIA DA COMPUTAÇÃO;CCOMPAM03A;3
651;CIÊNCIA DA COMPUTAÇÃO;CCOMP2N07A;7
652;CIÊNCIA DA COMPUTAÇÃO;CCOMPAM03A;3
653;CIÊNCIA DA COMPUTAÇÃO;CCOMVON03A;3
654;CIÊNCIA DA COMPUTAÇÃO;CCOMVON01A;1
655;CIÊNCIA DA COMPUTAÇÃO;CCOMVON01A;1
656;CIÊNCIA DA COMPUTAÇÃO;CCOMVON05A;5
657;CIÊNCIA DA COMPUTAÇÃO;CCOMP2N01A;1
658;CIÊNCIA DA COMPUTAÇÃO;CCOMVON05A;5
659;CIÊNCIA DA COMPUTAÇÃO;ASSIGNAR;8
660;CIÊNCIA DA COMPUTAÇÃO;CCOMVON01A;1
661;CIÊNCIA DA COMPUTAÇÃO;CCOMPAM01A;1
662;CIÊNCIA DA COMPUTAÇÃO;CCOMP2N07A;7
663;CIÊNCIA DA COMPUTAÇÃO;CCOMPAM01A;1
664;CIÊNCIA DA COMPUTAÇÃO;CCOMPAM01A;1
665;CIÊNCIA DA COMPUTAÇÃO;CCOMPAM01A;1
666;CIÊNCIA DA COMPUTAÇÃO;CCOMVON03A;3
667;CIÊNCIA DA COMPUTAÇÃO;CCOMPAM01A;1
668;CIÊNCIA DA COMPUTAÇÃO;CCOMVON01A;1
669;CIÊNCIA DA COMPUTAÇÃO;CCOMVON01A;1
670;CIÊNCIA DA COMPUTAÇÃO;CCOMPAM04A;4
671;CIÊNCIA DA COMPUTAÇÃO;CCOMP2N07A;7
672;CIÊNCIA DA COMPUTAÇÃO;CCOMPAM03A;3
673;CIÊNCIA DA COMPUTAÇÃO;CCOMPAM01A;1
674;CIÊNCIA DA COMPUTAÇÃO;CCOMVON07A;7
675;CIÊNCIA DA COMPUTAÇÃO;CCOMP2N01A;1
676;CIÊNCIA DA COMPUTAÇÃO;CCOMP2N02A;2
677;CIÊNCIA DA COMPUTAÇÃO;CCOMP2N07A;7
678;CIÊNCIA DA COMPUTAÇÃO;CCOMVON07A;7
679;CIÊNCIA DA COMPUTAÇÃO;CCOMP2N07A;7
680;CIÊNCIA DA COMPUTAÇÃO;CCOMVON07A;7
681;CIÊNCIA DA COMPUTAÇÃO;CCOMVON03A;3
682;CIÊNCIA DA COMPUTAÇÃO;CCOMPAM02A;2
683;CIÊNCIA DA COMPUTAÇÃO;ASSIGNAR;8
684;CIÊNCIA DA COMPUTAÇÃO;CCOMVON03A;3
685;CIÊNCIA DA COMPUTAÇÃO;CCOMP2N01A;1
686;CIÊNCIA DA COMPUTAÇÃO;CCOMP2N07A;7
687;CIÊNCIA DA COMPUTAÇÃO;CCOMP2N03A;3
688;CIÊNCIA DA COMPUTAÇÃO;CCOMP2N03A;3
689;CIÊNCIA DA COMPUTAÇÃO;CCOMVON01A;1
690;CIÊNCIA DA COMPUTAÇÃO;CCOMPAM05A;5
691;CIÊNCIA DA COMPUTAÇÃO;CCOMP2N08A;8
692;CIÊNCIA DA COMPUTAÇÃO;CCOMP2N01A;1
693;CIÊNCIA DA COMPUTAÇÃO;CCOMVON07A;7
694;CIÊNCIA DA COMPUTAÇÃO;CCOMP2N07A;7
695;CIÊNCIA DA COMPUTAÇÃO;CCOMP2N02A;2
696;CIÊNCIA DA COMPUTAÇÃO;CCOMP2N07A;7
697;CIÊNCIA DA COMPUTAÇÃO;CCOMP2N05A;5
698;CIÊNCIA DA COMPUTAÇÃO;CCOMPAM01A;1
699;CIÊNCIA DA COMPUTAÇÃO;CCOMPAM05A;5
700;CIÊNCIA DA COMPUTAÇÃO;CCOMP2N01A;1
701;CIÊNCIA DA COMPUTAÇÃO;CCOMP2N01A;1
702;CIÊNCIA DA COMPUTAÇÃO;CCOMP2N07A;7
703;CIÊNCIA DA COMPUTAÇÃO;CCOMP2N05A;5
704;CIÊNCIA DA COMPUTAÇÃO;CCOMVON05A;5
705;CIÊNCIA DA COMPUTAÇÃO;CCOMP2N07A;7
706;CIÊNCIA DA COMPUTAÇÃO;CCOMP2N05A;5
707;CIÊNCIA DA COMPUTAÇÃO;ASSIGNAR;8
708;CIÊNCIA DA COMPUTAÇÃO;CCOMVON03A;3
709;CIÊNCIA DA COMPUTAÇÃO;CCOMVON07A;7
710;CIÊNCIA DA COMPUTAÇÃO;CCOMPAM03A;3
711;CIÊNCIA DA COMPUTAÇÃO;ASSIGNAR;2
712;CIÊNCIA DA COMPUTAÇÃO;CCOMP2N01A;1
713;CIÊNCIA DA COMPUTAÇÃO;CCOMVON01A;1
714;CIÊNCIA DA COMPUTAÇÃO;CCOMPAM05A;5
715;CIÊNCIA DA COMPUTAÇÃO;CCOMP2N07A;7
716;CIÊNCIA DA COMPUTAÇÃO;CCOMP2N03A;3
717;CIÊNCIA DA COMPUTAÇÃO;CCOMVON07A;7
718;CIÊNCIA DA COMPUTAÇÃO;CCOMPAM05A;5
719;CIÊNCIA DA COMPUTAÇÃO;CCOMVON01A;1
720;CIÊNCIA DA COMPUTAÇÃO;CCOMVON03A;3
721;CIÊNCIA DA COMPUTAÇÃO;CCOMPAM04A;4
722;CIÊNCIA DA COMPUTAÇÃO;CCOMP2N07A;7
723;CIÊNCIA DA COMPUTAÇÃO;CCOMVON03A;3
724;CIÊNCIA DA COMPUTAÇÃO;CCOMPAM02A;2
725;CIÊNCIA DA COMPUTAÇÃO;CCOMP2N03A;3
726;CIÊNCIA DA COMPUTAÇÃO;CCOMP2N05A;5
727;CIÊNCIA DA COMPUTAÇÃO;CCOMP2N01A;1
728;CIÊNCIA DA COMPUTAÇÃO;CCOMP2N07A;7
729;CIÊNCIA DA COMPUTAÇÃO;CCOMP2N01A;1
730;CIÊNCIA DA COMPUTAÇÃO;CCOMP2N07A;7
731;CIÊNCIA DA COMPUTAÇÃO;CCOMPAM01A;1
732;CIÊNCIA DA COMPUTAÇÃO;CCOMPAM01A;1
733;CIÊNCIA DA COMPUTAÇÃO;ASSIGNAR;8
734;CIÊNCIA DA COMPUTAÇÃO;CCOMVON01A;1
735;CIÊNCIA DA COMPUTAÇÃO;CCOMP2N02A;2
736;CIÊNCIA DA COMPUTAÇÃO;CCOMP2N07A;7
737;CIÊNCIA DA COMPUTAÇÃO;CCOMP2N05A;5
738;CIÊNCIA DA COMPUTAÇÃO;CCOMP2N01A;1
739;CIÊNCIA DA COMPUTAÇÃO;CCOMPAM03A;3
740;CIÊNCIA DA COMPUTAÇÃO;CCOMPAM03A;3
741;CIÊNCIA DA COMPUTAÇÃO;CCOMVON03A;3
742;CIÊNCIA DA COMPUTAÇÃO;CCOMVON03A;3
743;CIÊNCIA DA COMPUTAÇÃO;CCOMVON05A;5
744;CIÊNCIA DA COMPUTAÇÃO;CCOMPAM03A;3
745;CIÊNCIA DA COMPUTAÇÃO;CCOMPAM03A;3
746;CIÊNCIA DA COMPUTAÇÃO;CCOMP2N01A;1
747;CIÊNCIA DA COMPUTAÇÃO;CCOMPAM05A;5
748;CIÊNCIA DA COMPUTAÇÃO;CCOMPAM05A;5
749;CIÊNCIA DA COMPUTAÇÃO;CCOMP2N03A;3
750;CIÊNCIA DA COMPUTAÇÃO;CCOMPAM03A;3
751;CIÊNCIA DA COMPUTAÇÃO;CCOMPAM05A;5
752;CIÊNCIA DA COMPUTAÇÃO;CCOMVON01A;1
753;CIÊNCIA DA COMPUTAÇÃO;CCOMP2N05A;5
754;CIÊNCIA DA COMPUTAÇÃO;CCOMP2N01A;1
755;CIÊNCIA DA COMPUTAÇÃO;CCOMPAM02A;2
756;CIÊNCIA DA COMPUTAÇÃO;CCOMPAM05A;5
757;CIÊNCIA DA COMPUTAÇÃO;CCOMP2N07A;7
758;CIÊNCIA DA COMPUTAÇÃO;CCOMPAM03A;3
759;CIÊNCIA DA COMPUTAÇÃO;CCOMPAM01A;1
760;CIÊNCIA DA COMPUTAÇÃO;CCOMPAM05A;5
761;CIÊNCIA DA COMPUTAÇÃO;CCOMP2N01A;1
762;CIÊNCIA DA COMPUTAÇÃO;ASSIGNAR;8
763;CIÊNCIA DA COMPUTAÇÃO;CCOMPAM02A;2
764;CIÊNCIA DA COMPUTAÇÃO;CCOMVON07A;7
765;CIÊNCIA DA COMPUTAÇÃO;ASSIGNAR;8
766;CIÊNCIA DA COMPUTAÇÃO;CCOMPAM04A;4
767;CIÊNCIA DA COMPUTAÇÃO;ASSIGNAR;8
768;CIÊNCIA DA COMPUTAÇÃO;ASSIGNAR;8
769;CIÊNCIA DA COMPUTAÇÃO;CCOMPAM05A;5
770;CIÊNCIA DA COMPUTAÇÃO;CCOMVON05A;5
771;CIÊNCIA DA COMPUTAÇÃO;CCOMVON02A;2
772;CIÊNCIA DA COMPUTAÇÃO;CCOMPAM03A;3
773;CIÊNCIA DA COMPUTAÇÃO;CCOMVON07A;7
774;CIÊNCIA DA COMPUTAÇÃO;CCOMVON07A;7
775;CIÊNCIA DA COMPUTAÇÃO;CCOMVON07A;7
776;CIÊNCIA DA COMPUTAÇÃO;CCOMP2N05A;5
777;CIÊNCIA DA COMPUTAÇÃO;CCOMP2N01A;1
778;CIÊNCIA DA COMPUTAÇÃO;CCOMVON05A;5
779;CIÊNCIA DA COMPUTAÇÃO;CCOMPAM02A;2
780;CIÊNCIA DA COMPUTAÇÃO;CCOMVON07A;7
781;CIÊNCIA DA COMPUTAÇÃO;CCOMVON05A;5
782;CIÊNCIA DA COMPUTAÇÃO;CCOMP2N05A;5
783;CIÊNCIA DA COMPUTAÇÃO;CCOMPAM01A;1
784;CIÊNCIA DA COMPUTAÇÃO;CCOMP2N02A;2
785;CIÊNCIA DA COMPUTAÇÃO;CCOMP2N01A;1
786;CIÊNCIA DA COMPUTAÇÃO;CCOMPAM01A;1
787;CIÊNCIA DA COMPUTAÇÃO;CCOMPAM02A;2
788;CIÊNCIA DA COMPUTAÇÃO;CCOMPAM05A;5
789;CIÊNCIA DA COMPUTAÇÃO;CCOMPAM02A;2
790;CIÊNCIA DA COMPUTAÇÃO;CCOMPAM05A;5
791;CIÊNCIA DA COMPUTAÇÃO;CCOMPAM01A;1
792;CIÊNCIA DA COMPUTAÇÃO;CCOMPAM02A;2
793;CIÊNCIA DA COMPUTAÇÃO;CCOMPAM01A;1
794;CIÊNCIA DA COMPUTAÇÃO;CCOMPAM04A;4
795;CIÊNCIA DA COMPUTAÇÃO;CCOMPAM01A;1
796;CIÊNCIA DA COMPUTAÇÃO;CCOMPAM05A;5
797;CIÊNCIA DA COMPUTAÇÃO;CCOMPAM06A;6
798;CIÊNCIA DA COMPUTAÇÃO;CCOMPAM04A;4
799;CIÊNCIA DA COMPUTAÇÃO;CCOMPAM04A;4
800;CIÊNCIA DA COMPUTAÇÃO;CCOMPAM02A;2
801;CIÊNCIA DA COMPUTAÇÃO;CCOMPAM04A;4
802;CIÊNCIA DA COMPUTAÇÃO;CCOMPAM02A;2
803;CIÊNCIA DA COMPUTAÇÃO;CCOMPAM02A;2
804;CIÊNCIA DA COMPUTAÇÃO;CCOMPAM05A;5
805;CIÊNCIA DA COMPUTAÇÃO;CCOMPAM02A;2
806;CIÊNCIA DA COMPUTAÇÃO;CCOMPAM02A;2
807;CIÊNCIA DA COMPUTAÇÃO;CCOMPAM05A;5
808;CIÊNCIA DA COMPUTAÇÃO;CCOMPAM02A;2
809;CIÊNCIA DA COMPUTAÇÃO;CCOMPAM04A;4
810;CIÊNCIA DA COMPUTAÇÃO;CCOMPAM04A;4
811;CIÊNCIA DA COMPUTAÇÃO;CCOMPAM06A;6
812;CIÊNCIA DA COMPUTAÇÃO;CCOMPAM02A;2
813;CIÊNCIA DA COMPUTAÇÃO;CCOMPAM02A;2
814;CIÊNCIA DA COMPUTAÇÃO;CCOMPAM02A;2
815;CIÊNCIA DA COMPUTAÇÃO;CCOMPAM02A;2
816;CIÊNCIA DA COMPUTAÇÃO;CCOMPAM04A;4
817;CIÊNCIA DA COMPUTAÇÃO;CCOMPAM02A;2
818;CIÊNCIA DA COMPUTAÇÃO;CCOMPAM04A;4
819;CIÊNCIA DA COMPUTAÇÃO;CCOMPAM04A;4
820;CIÊNCIA DA COMPUTAÇÃO;CCOMPAM04A;4
821;CIÊNCIA DA COMPUTAÇÃO;CCOMPAM04A;4
822;CIÊNCIA DA COMPUTAÇÃO;CCOMPAM05A;5
823;CIÊNCIA DA COMPUTAÇÃO;CCOMPAM02A;2
824;CIÊNCIA DA COMPUTAÇÃO;CCOMPAM02A;2
825;CIÊNCIA DA COMPUTAÇÃO;CCOMPAM04A;4
826;CIÊNCIA DA COMPUTAÇÃO;CCOMPAM06A;6
827;CIÊNCIA DA COMPUTAÇÃO;CCOMPAM01A;1
828;CIÊNCIA DA COMPUTAÇÃO;CCOMPAM04A;4
829;CIÊNCIA DA COMPUTAÇÃO;CCOMPAM02A;2
830;CIÊNCIA DA COMPUTAÇÃO;CCOMPAM01A;1
831;CIÊNCIA DA COMPUTAÇÃO;CCOMPAM01A;1
832;CIÊNCIA DA COMPUTAÇÃO;CCOMPAM01A;1
833;CIÊNCIA DA COMPUTAÇÃO;CCOMPAM04A;4
834;CIÊNCIA DA COMPUTAÇÃO;CCOMPAM05A;5
835;CIÊNCIA DA COMPUTAÇÃO;CCOMPAM04A;4
836;CIÊNCIA DA COMPUTAÇÃO;CCOMPAM01A;1
837;CIÊNCIA DA COMPUTAÇÃO;CCOMPAM02A;2
838;CIÊNCIA DA COMPUTAÇÃO;CCOMPAM06A;6
839;CIÊNCIA DA COMPUTAÇÃO;CCOMPAM02A;2
840;CIÊNCIA DA COMPUTAÇÃO;CCOMPAM01A;1
841;CIÊNCIA DA COMPUTAÇÃO;CCOMPAM02A;2
842;CIÊNCIA DA COMPUTAÇÃO;CCOMPAM06A;6
843;CIÊNCIA DA COMPUTAÇÃO;CCOMPAM01A;1
844;CIÊNCIA DA COMPUTAÇÃO;CCOMPAM04A;4
845;CIÊNCIA DA COMPUTAÇÃO;CCOMPAM04A;4
846;CIÊNCIA DA COMPUTAÇÃO;CCOMPAM02A;2
847;CIÊNCIA DA COMPUTAÇÃO;CCOMPAM06A;6
848;CIÊNCIA DA COMPUTAÇÃO;CCOMPAM02A;2
849;CIÊNCIA DA COMPUTAÇÃO;CCOMPAM02A;2
850;CIÊNCIA DA COMPUTAÇÃO;CCOMPAM04A;4
851;CIÊNCIA DA COMPUTAÇÃO;CCOMPAM04A;4
852;CIÊNCIA DA COMPUTAÇÃO;CCOMPAM04A;4
853;CIÊNCIA DA COMPUTAÇÃO;CCOMPAM04A;4
854;CIÊNCIA DA COMPUTAÇÃO;CCOMPAM05A;5
855;CIÊNCIA DA COMPUTAÇÃO;CCOMPAM02A;2
856;CIÊNCIA DA COMPUTAÇÃO;CCOMPAM04A;4
857;CIÊNCIA DA COMPUTAÇÃO;CCOMPAM04A;4
858;CIÊNCIA DA COMPUTAÇÃO;CCOMPAM01A;1
859;CIÊNCIA DA COMPUTAÇÃO;CCOMPAM02A;2
860;CIÊNCIA DA COMPUTAÇÃO;CCOMPAM02A;2
861;CIÊNCIA DA COMPUTAÇÃO;CCOMPAM04A;4
862;CIÊNCIA DA COMPUTAÇÃO;CCOMPAM04A;4
863;CIÊNCIA DA COMPUTAÇÃO;CCOMPAM04A;4
864;CIÊNCIA DA COMPUTAÇÃO;CCOMPAM06A;6
865;CIÊNCIA DA COMPUTAÇÃO;CCOMPAM02A;2
866;CIÊNCIA DA COMPUTAÇÃO;CCOMPAM01A;1
867;CIÊNCIA DA COMPUTAÇÃO;CCOMPAM02A;2
868;CIÊNCIA DA COMPUTAÇÃO;CCOMPAM05A;5
869;CIÊNCIA DA COMPUTAÇÃO;CCOMPAM04A;4
870;CIÊNCIA DA COMPUTAÇÃO;CCOMPAM02A;2
871;CIÊNCIA DA COMPUTAÇÃO;CCOMPAM02A;2
872;CIÊNCIA DA COMPUTAÇÃO;CCOMPAM02A;2
873;CIÊNCIA DA COMPUTAÇÃO;CCOMPAM05A;5
874;CIÊNCIA DA COMPUTAÇÃO;CCOMPAM04A;4
875;CIÊNCIA DA COMPUTAÇÃO;CCOMPAM04A;4
876;CIÊNCIA DA COMPUTAÇÃO;CCOMPAM04A;4
877;CIÊNCIA DA COMPUTAÇÃO;CCOMPAM04A;4
878;CIÊNCIA DA COMPUTAÇÃO;CCOMPAM02A;2
879;CIÊNCIA DA COMPUTAÇÃO;CCOMPAM01A;1
880;CIÊNCIA DA COMPUTAÇÃO;CCOMPAM01A;1
881;CIÊNCIA DA COMPUTAÇÃO;CCOMPAM05A;5
882;CIÊNCIA DA COMPUTAÇÃO;CCOMPAM06A;6
883;CIÊNCIA DA COMPUTAÇÃO;CCOMPAM01A;1
884;CIÊNCIA DA COMPUTAÇÃO;CCOMPAM04A;4
885;CIÊNCIA DA COMPUTAÇÃO;CCOMPAM01A;1
886;CIÊNCIA DA COMPUTAÇÃO;CCOMPAM04A;4
887;CIÊNCIA DA COMPUTAÇÃO;CCOMPAM01A;1
888;CIÊNCIA DA COMPUTAÇÃO;CCOMPAM01A;1
889;CIÊNCIA DA COMPUTAÇÃO;CCOMPAM02A;2
890;CIÊNCIA DA COMPUTAÇÃO;CCOMPAM02A;2
891;CIÊNCIA DA COMPUTAÇÃO;CCOMPAM02A;2
892;CIÊNCIA DA COMPUTAÇÃO;CCOMPAM04A;4
893;CIÊNCIA DA COMPUTAÇÃO;CCOMPAM02A;2
894;CIÊNCIA DA COMPUTAÇÃO;CCOMPAM04A;4
895;CIÊNCIA DA COMPUTAÇÃO;CCOMPAM01A;1
896;CIÊNCIA DA COMPUTAÇÃO;CCOMPAM02A;2
897;CIÊNCIA DA COMPUTAÇÃO;CCOMPAM06A;6
898;CIÊNCIA DA COMPUTAÇÃO;CCOMPAM01A;1
899;CIÊNCIA DA COMPUTAÇÃO;CCOMPAM01A;1
900;CIÊNCIA DA COMPUTAÇÃO;CCOMPAM04A;4
901;CIÊNCIA DA COMPUTAÇÃO;CCOMPAM06A;6
902;CIÊNCIA DA COMPUTAÇÃO;CCOMPAM06A;6
903;CIÊNCIA DA COMPUTAÇÃO;CCOMPAM02A;2
904;CIÊNCIA DA COMPUTAÇÃO;CCOMPAM02A;2
905;CIÊNCIA DA COMPUTAÇÃO;CCOMPAM01A;1
906;CIÊNCIA DA COMPUTAÇÃO;CCOMPAM04A;4
907;CIÊNCIA DA COMPUTAÇÃO;CCOMPAM04A;4
908;CIÊNCIA DA COMPUTAÇÃO;CCOMPAM04A;4
909;CIÊNCIA DA COMPUTAÇÃO;CCOMPAM06A;6
910;CIÊNCIA DA COMPUTAÇÃO;CCOMPAM01A;1
911;CIÊNCIA DA COMPUTAÇÃO;CCOMPAM04A;4
912;CIÊNCIA DA COMPUTAÇÃO;CCOMPAM06A;6
913;CIÊNCIA DA COMPUTAÇÃO;CCOMPAM06A;6
914;CIÊNCIA DA COMPUTAÇÃO;CCOMPAM04A;4
915;CIÊNCIA DA COMPUTAÇÃO;CCOMPAM02A;2
916;CIÊNCIA DA COMPUTAÇÃO;CCOMPAM01A;1
917;CIÊNCIA DA COMPUTAÇÃO;CCOMPAM06A;6
918;CIÊNCIA DA COMPUTAÇÃO;CCOMPAM04A;4
919;CIÊNCIA DA COMPUTAÇÃO;CCOMPAM05A;5
920;CIÊNCIA DA COMPUTAÇÃO;CCOMPAM06A;6
921;CIÊNCIA DA COMPUTAÇÃO;CCOMPAM04A;4
922;CIÊNCIA DA COMPUTAÇÃO;CCOMPAM02A;2
923;CIÊNCIA DA COMPUTAÇÃO;SIVON06;6
924;CIÊNCIA DA COMPUTAÇÃO;SIVON07;7
925;CIÊNCIA DA COMPUTAÇÃO;CCOMP2N04A;4
926;CIÊNCIA DA COMPUTAÇÃO;CCOMVON01A;1
927;CIÊNCIA DA COMPUTAÇÃO;CCOMVON06A;6
928;CIÊNCIA DA COMPUTAÇÃO;CCOMP2N01A;1
929;CIÊNCIA DA COMPUTAÇÃO;CCOMP2N04A;4
930;CIÊNCIA DA COMPUTAÇÃO;CCOMP2N01A;1
931;CIÊNCIA DA COMPUTAÇÃO;CCOMVON06A;6
932;CIÊNCIA DA COMPUTAÇÃO;CCOMVON04A;4
933;CIÊNCIA DA COMPUTAÇÃO;CCOMP2N06A;6
934;CIÊNCIA DA COMPUTAÇÃO;CCOMP2N02A;2
935;CIÊNCIA DA COMPUTAÇÃO;CCOMP2N02A;2
936;CIÊNCIA DA COMPUTAÇÃO;CCOMVON06A;6
937;CIÊNCIA DA COMPUTAÇÃO;CCOMP2N02A;2
938;CIÊNCIA DA COMPUTAÇÃO;CCOMVON06A;6
939;CIÊNCIA DA COMPUTAÇÃO;CCOMP2N04A;4
940;CIÊNCIA DA COMPUTAÇÃO;CCOMP2N01A;1
941;CIÊNCIA DA COMPUTAÇÃO;CCOMVON02A;2
942;CIÊNCIA DA COMPUTAÇÃO;CCOMVON06A;6
943;CIÊNCIA DA COMPUTAÇÃO;CCOMP2N04A;4
944;CIÊNCIA DA COMPUTAÇÃO;CCOMP2N06A;6
945;CIÊNCIA DA COMPUTAÇÃO;CCOMVON02A;2
946;CIÊNCIA DA COMPUTAÇÃO;CCOMP2N06A;6
947;CIÊNCIA DA COMPUTAÇÃO;CCOMVON06A;6
948;CIÊNCIA DA COMPUTAÇÃO;CCOMVON04A;4
949;CIÊNCIA DA COMPUTAÇÃO;CCOMVON02A;2
950;CIÊNCIA DA COMPUTAÇÃO;CCOMVON02A;2
951;CIÊNCIA DA COMPUTAÇÃO;CCOMP2N06A;6
952;CIÊNCIA DA COMPUTAÇÃO;CCOMP2N06A;6
953;CIÊNCIA DA COMPUTAÇÃO;CCOMVON04A;4
954;CIÊNCIA DA COMPUTAÇÃO;CCOMVON04A;4
955;CIÊNCIA DA COMPUTAÇÃO;CCOMVON04A;4
956;CIÊNCIA DA COMPUTAÇÃO;CCOMP2N01A;1
957;CIÊNCIA DA COMPUTAÇÃO;CCOMP2N06A;6
958;CIÊNCIA DA COMPUTAÇÃO;CCOMP2N06A;6
959;CIÊNCIA DA COMPUTAÇÃO;CCOMP2N01A;1
960;CIÊNCIA DA COMPUTAÇÃO;CCOMVON01A;1
961;CIÊNCIA DA COMPUTAÇÃO;CCOMP2N02A;2
962;CIÊNCIA DA COMPUTAÇÃO;CCOMP2N04A;4
963;CIÊNCIA DA COMPUTAÇÃO;CCOMVON02A;2
964;CIÊNCIA DA COMPUTAÇÃO;CCOMVON04A;4
965;CIÊNCIA DA COMPUTAÇÃO;CCOMP2N02A;2
966;CIÊNCIA DA COMPUTAÇÃO;CCOMVON02A;2
967;CIÊNCIA DA COMPUTAÇÃO;CCOMP2N04A;4
968;CIÊNCIA DA COMPUTAÇÃO;CCOMVON02A;2
969;CIÊNCIA DA COMPUTAÇÃO;CCOMP2N06A;6
970;CIÊNCIA DA COMPUTAÇÃO;CCOMP2N06A;6
971;CIÊNCIA DA COMPUTAÇÃO;CCOMP2N02A;2
972;CIÊNCIA DA COMPUTAÇÃO;CCOMP2N04A;4
973;CIÊNCIA DA COMPUTAÇÃO;CCOMVON06A;6
974;CIÊNCIA DA COMPUTAÇÃO;CCOMVON02A;2
975;CIÊNCIA DA COMPUTAÇÃO;CCOMP2N04A;4
976;CIÊNCIA DA COMPUTAÇÃO;CCOMP2N01A;1
977;CIÊNCIA DA COMPUTAÇÃO;CCOMVON01A;1
978;CIÊNCIA DA COMPUTAÇÃO;CCOMP2N06A;6
979;CIÊNCIA DA COMPUTAÇÃO;CCOMP2N02A;2
980;CIÊNCIA DA COMPUTAÇÃO;CCOMP2N06A;6
981;CIÊNCIA DA COMPUTAÇÃO;CCOMP2N01A;1
982;CIÊNCIA DA COMPUTAÇÃO;CCOMP2N02A;2
983;CIÊNCIA DA COMPUTAÇÃO;CCOMVON06A;6
984;CIÊNCIA DA COMPUTAÇÃO;CCOMVON02A;2
985;CIÊNCIA DA COMPUTAÇÃO;CCOMVON01A;1
986;CIÊNCIA DA COMPUTAÇÃO;CCOMP2N02A;2
987;CIÊNCIA DA COMPUTAÇÃO;CCOMP2N06A;6
988;CIÊNCIA DA COMPUTAÇÃO;CCOMVON04A;4
989;CIÊNCIA DA COMPUTAÇÃO;CCOMVON04A;4
990;CIÊNCIA DA COMPUTAÇÃO;CCOMP2N04A;4
991;CIÊNCIA DA COMPUTAÇÃO;CCOMP2N06A;6
992;CIÊNCIA DA COMPUTAÇÃO;CCOMVON04A;4
993;CIÊNCIA DA COMPUTAÇÃO;CCOMVON04A;4
994;CIÊNCIA DA COMPUTAÇÃO;CCOMVON04A;4
995;CIÊNCIA DA COMPUTAÇÃO;CCOMVON02A;2
996;CIÊNCIA DA COMPUTAÇÃO;CCOMVON01A;1
997;CIÊNCIA DA COMPUTAÇÃO;CCOMP2N02A;2
998;CIÊNCIA DA COMPUTAÇÃO;CCOMVON02A;2
999;CIÊNCIA DA COMPUTAÇÃO;CCOMP2N06A;6
1000;CIÊNCIA DA COMPUTAÇÃO;CCOMP2N04A;4
1001;CIÊNCIA DA COMPUTAÇÃO;CCOMVON02A;2
1002;CIÊNCIA DA COMPUTAÇÃO;CCOMVON02A;2
1003;CIÊNCIA DA COMPUTAÇÃO;CCOMVON06A;6
1004;CIÊNCIA DA COMPUTAÇÃO;CCOMVON06A;6
1005;CIÊNCIA DA COMPUTAÇÃO;CCOMP2N04A;4
1006;CIÊNCIA DA COMPUTAÇÃO;CCOMP2N02A;2
1007;CIÊNCIA DA COMPUTAÇÃO;CCOMP2N02A;2
1008;CIÊNCIA DA COMPUTAÇÃO;CCOMP2N02A;2
1009;CIÊNCIA DA COMPUTAÇÃO;CCOMVON04A;4
1010;CIÊNCIA DA COMPUTAÇÃO;CCOMP2N01A;1
1011;CIÊNCIA DA COMPUTAÇÃO;CCOMVON01A;1
1012;CIÊNCIA DA COMPUTAÇÃO;CCOMP2N02A;2
1013;CIÊNCIA DA COMPUTAÇÃO;CCOMVON06A;6
1014;CIÊNCIA DA COMPUTAÇÃO;CCOMVON01A;1
1015;CIÊNCIA DA COMPUTAÇÃO;CCOMVON02A;2
1016;CIÊNCIA DA COMPUTAÇÃO;CCOMP2N02A;2
1017;CIÊNCIA DA COMPUTAÇÃO;CCOMVON01A;1
1018;CIÊNCIA DA COMPUTAÇÃO;CCOMP2N04A;4
1019;CIÊNCIA DA COMPUTAÇÃO;CCOMP2N04A;4
1020;CIÊNCIA DA COMPUTAÇÃO;CCOMP2N02A;2
1021;CIÊNCIA DA COMPUTAÇÃO;CCOMP2N04A;4
1022;CIÊNCIA DA COMPUTAÇÃO;CCOMVON04A;4
1023;CIÊNCIA DA COMPUTAÇÃO;CCOMP2N02A;2
1024;CIÊNCIA DA COMPUTAÇÃO;CCOMP2N02A;2
1025;CIÊNCIA DA COMPUTAÇÃO;CCOMP2N02A;2
1026;CIÊNCIA DA COMPUTAÇÃO;CCOMVON04A;4
1027;CIÊNCIA DA COMPUTAÇÃO;CCOMVON02A;2
1028;CIÊNCIA DA COMPUTAÇÃO;CCOMVON01A;1
1029;CIÊNCIA DA COMPUTAÇÃO;CCOMP2N02A;2
1030;CIÊNCIA DA COMPUTAÇÃO;CCOMVON04A;4
1031;CIÊNCIA DA COMPUTAÇÃO;CCOMP2N04A;4
1032;CIÊNCIA DA COMPUTAÇÃO;CCOMP2N04A;4
1033;CIÊNCIA DA COMPUTAÇÃO;CCOMP2N04A;4
1034;CIÊNCIA DA COMPUTAÇÃO;CCOMP2N04A;4
1035;CIÊNCIA DA COMPUTAÇÃO;CCOMVON02A;2
1036;CIÊNCIA DA COMPUTAÇÃO;CCOMP2N06A;6
1037;CIÊNCIA DA COMPUTAÇÃO;CCOMVON02A;2
1038;CIÊNCIA DA COMPUTAÇÃO;CCOMP2N06A;6
1039;CIÊNCIA DA COMPUTAÇÃO;CCOMVON02A;2
1040;CIÊNCIA DA COMPUTAÇÃO;CCOMP2N04A;4
1041;CIÊNCIA DA COMPUTAÇÃO;CCOMVON06A;6
1042;CIÊNCIA DA COMPUTAÇÃO;CCOMVON04A;4
1043;CIÊNCIA DA COMPUTAÇÃO;CCOMP2N02A;2
1044;CIÊNCIA DA COMPUTAÇÃO;CCOMVON02A;2
1045;CIÊNCIA DA COMPUTAÇÃO;CCOMP2N04A;4
1046;CIÊNCIA DA COMPUTAÇÃO;CCOMP2N04A;4
1047;CIÊNCIA DA COMPUTAÇÃO;CCOMP2N01A;1
1048;CIÊNCIA DA COMPUTAÇÃO;CCOMP2N06A;6
1049;CIÊNCIA DA COMPUTAÇÃO;CCOMVON02A;2
1050;CIÊNCIA DA COMPUTAÇÃO;CCOMP2N04A;4
1051;CIÊNCIA DA COMPUTAÇÃO;ASSIGNAR;3
1052;CIÊNCIA DA COMPUTAÇÃO;CCOMP2N02A;2
1053;CIÊNCIA DA COMPUTAÇÃO;CCOMP2N04A;4
1054;CIÊNCIA DA COMPUTAÇÃO;CCOMVON04A;4
1055;CIÊNCIA DA COMPUTAÇÃO;CCOMP2N02A;2
1056;CIÊNCIA DA COMPUTAÇÃO;CCOMVON06A;6
1057;CIÊNCIA DA COMPUTAÇÃO;CCOMVON06A;6
1058;CIÊNCIA DA COMPUTAÇÃO;CCOMP2N04A;4
1059;CIÊNCIA DA COMPUTAÇÃO;CCOMP2N02A;2
1060;CIÊNCIA DA COMPUTAÇÃO;CCOMP2N06A;6
1061;CIÊNCIA DA COMPUTAÇÃO;CCOMP2N06A;6
1062;CIÊNCIA DA COMPUTAÇÃO;CCOMVON04A;4
1063;CIÊNCIA DA COMPUTAÇÃO;CCOMP2N01A;1
1064;CIÊNCIA DA COMPUTAÇÃO;CCOMVON04A;4
1065;CIÊNCIA DA COMPUTAÇÃO;CCOMVON04A;4
1066;CIÊNCIA DA COMPUTAÇÃO;CCOMVON06A;6
1067;CIÊNCIA DA COMPUTAÇÃO;CCOMVON02A;2
1068;CIÊNCIA DA COMPUTAÇÃO;CCOMVON01A;1
1069;CIÊNCIA DA COMPUTAÇÃO;CCOMP2N02A;2
1070;CIÊNCIA DA COMPUTAÇÃO;CCOMVON04A;4
1071;CIÊNCIA DA COMPUTAÇÃO;CCOMVON04A;4
1072;CIÊNCIA DA COMPUTAÇÃO;CCOMVON06A;6
1073;CIÊNCIA DA COMPUTAÇÃO;CCOMVON06A;6
1074;CIÊNCIA DA COMPUTAÇÃO;CCOMVON02A;2
1075;CIÊNCIA DA COMPUTAÇÃO;CCOMP2N02A;2
1076;CIÊNCIA DA COMPUTAÇÃO;CCOMVON02A;2
1077;CIÊNCIA DA COMPUTAÇÃO;CCOMVON02A;2
1078;CIÊNCIA DA COMPUTAÇÃO;CCOMVON04A;4
1079;CIÊNCIA DA COMPUTAÇÃO;CCOMVON02A;2
1080;CIÊNCIA DA COMPUTAÇÃO;CCOMVON02A;2
1081;CIÊNCIA DA COMPUTAÇÃO;CCOMVON06A;6
1082;CIÊNCIA DA COMPUTAÇÃO;CCOMP2N04A;4
1083;CIÊNCIA DA COMPUTAÇÃO;CCOMP2N02A;2
1084;CIÊNCIA DA COMPUTAÇÃO;CCOMVON06A;6
1085;CIÊNCIA DA COMPUTAÇÃO;CCOMVON04A;4
1086;CIÊNCIA DA COMPUTAÇÃO;CCOMVON02A;2
1087;CIÊNCIA DA COMPUTAÇÃO;CCOMP2N02A;2
1088;CIÊNCIA DA COMPUTAÇÃO;CCOMP2N04A;4
1089;CIÊNCIA DA COMPUTAÇÃO;ASSIGNAR;0
1090;CIÊNCIA DA COMPUTAÇÃO;CCOMP2N04A;4
1091;CIÊNCIA DA COMPUTAÇÃO;CCOMP2N04A;4
1092;CIÊNCIA DA COMPUTAÇÃO;CCOMVON02A;2
1093;CIÊNCIA DA COMPUTAÇÃO;CCOMP2N02A;2
1094;CIÊNCIA DA COMPUTAÇÃO;CCOMVON01A;1
1095;CIÊNCIA DA COMPUTAÇÃO;CCOMP2N06A;6
1096;CIÊNCIA DA COMPUTAÇÃO;CCOMP2N06A;6
1097;CIÊNCIA DA COMPUTAÇÃO;CCOMP2N02A;2
1098;CIÊNCIA DA COMPUTAÇÃO;CCOMP2N02A;2
1099;CIÊNCIA DA COMPUTAÇÃO;CCOMP2N06A;6
1100;CIÊNCIA DA COMPUTAÇÃO;CCOMVON01A;1
1101;CIÊNCIA DA COMPUTAÇÃO;CCOMVON06A;6
1102;CIÊNCIA DA COMPUTAÇÃO;CCOMP2N06A;6
1103;CIÊNCIA DA COMPUTAÇÃO;CCOMVON04A;4
1104;CIÊNCIA DA COMPUTAÇÃO;CCOMVON01A;1
1105;CIÊNCIA DA COMPUTAÇÃO;CCOMP2N04A;4
1106;CIÊNCIA DA COMPUTAÇÃO;CCOMVON02A;2
1107;CIÊNCIA DA COMPUTAÇÃO;CCOMVON06A;6
1108;CIÊNCIA DA COMPUTAÇÃO;CCOMVON04A;4
1109;CIÊNCIA DA COMPUTAÇÃO;CCOMP2N04A;4
1110;CIÊNCIA DA COMPUTAÇÃO;CCOMP2N02A;2
1111;CIÊNCIA DA COMPUTAÇÃO;CCOMP2N02A;2
1112;CIÊNCIA DA COMPUTAÇÃO;CCOMP2N01A;1
1113;CIÊNCIA DA COMPUTAÇÃO;CCOMVON01A;1
1114;CIÊNCIA DA COMPUTAÇÃO;CCOMVON02A;2
1115;CIÊNCIA DA COMPUTAÇÃO;CCOMP2N04A;4
1116;CIÊNCIA DA COMPUTAÇÃO;CCOMP2N06A;6
1117;CIÊNCIA DA COMPUTAÇÃO;CCOMP2N02A;2
1118;CIÊNCIA DA COMPUTAÇÃO;CCOMVON04A;4
1119;CIÊNCIA DA COMPUTAÇÃO;CCOMVON04A;4
1120;CIÊNCIA DA COMPUTAÇÃO;CCOMVON04A;4
1121;CIÊNCIA DA COMPUTAÇÃO;CCOMVON06A;6
1122;CIÊNCIA DA COMPUTAÇÃO;CCOMP2N02A;2
1123;CIÊNCIA DA COMPUTAÇÃO;CCOMP2N06A;6
1124;CIÊNCIA DA COMPUTAÇÃO;CCOMP2N04A;4
1125;CIÊNCIA DA COMPUTAÇÃO;CCOMVON02A;2
1126;CIÊNCIA DA COMPUTAÇÃO;CCOMP2N06A;6
1127;CIÊNCIA DA COMPUTAÇÃO;CCOMP2N02A;2
1128;CIÊNCIA DA COMPUTAÇÃO;CCOMP2N01A;1
1129;CIÊNCIA DA COMPUTAÇÃO;CCOMVON06A;6
1130;CIÊNCIA DA COMPUTAÇÃO;CCOMP2N06A;6
1131;CIÊNCIA DA COMPUTAÇÃO;CCOMP2N06A;6
1132;CIÊNCIA DA COMPUTAÇÃO;CCOMVON06A;6
1133;CIÊNCIA DA COMPUTAÇÃO;CCOMP2N06A;6
1134;CIÊNCIA DA COMPUTAÇÃO;CCOMP2N04A;4
1135;CIÊNCIA DA COMPUTAÇÃO;CCOMP2N02A;2
1136;CIÊNCIA DA COMPUTAÇÃO;SIVON08;8
1137;CIÊNCIA DA COMPUTAÇÃO;SIVON01;1
1138;CIÊNCIA DA COMPUTAÇÃO;SIVON03;3
1139;CIÊNCIA DA COMPUTAÇÃO;SIVON02;2
1140;CIÊNCIA DA COMPUTAÇÃO;SIVON05;5
